transaction_id,amount,hour,distance_from_home,is_fraud,date,pipeline_run
TXN_20260308_142314_0000,85.08,11,1.11,0,2026-03-08,20260308_142314
TXN_20260308_142314_0001,235.63,9,13.99,0,2026-03-08,20260308_142314
TXN_20260308_142314_0002,13.29,8,5.54,0,2026-03-08,20260308_142314
TXN_20260308_142314_0003,33.71,17,22.65,0,2026-03-08,20260308_142314
TXN_20260308_142314_0004,24.94,18,15.17,0,2026-03-08,20260308_142314
TXN_20260308_142314_0005,57.95,9,23.39,0,2026-03-08,20260308_142314
TXN_20260308_142314_0006,18.0,20,13.27,0,2026-03-08,20260308_142314
TXN_20260308_142314_0007,49.43,15,9.74,0,2026-03-08,20260308_142314
TXN_20260308_142314_0008,21.03,18,0.16,0,2026-03-08,20260308_142314
TXN_20260308_142314_0009,65.43,8,5.85,0,2026-03-08,20260308_142314
TXN_20260308_142314_0010,35.35,19,9.71,0,2026-03-08,20260308_142314
TXN_20260308_142314_0011,147.78,15,8.17,0,2026-03-08,20260308_142314
TXN_20260308_142314_0012,23.5,16,44.75,0,2026-03-08,20260308_142314
TXN_20260308_142314_0013,34.11,21,5.07,0,2026-03-08,20260308_142314
TXN_20260308_142314_0014,189.95,15,22.46,0,2026-03-08,20260308_142314
TXN_20260308_142314_0015,38.76,17,18.3,0,2026-03-08,20260308_142314
TXN_20260308_142314_0016,36.4,15,3.32,0,2026-03-08,20260308_142314
TXN_20260308_142314_0017,16.37,17,15.27,0,2026-03-08,20260308_142314
TXN_20260308_142314_0018,347.0,11,4.31,0,2026-03-08,20260308_142314
TXN_20260308_142314_0019,406.66,13,7.7,0,2026-03-08,20260308_142314
TXN_20260308_142314_0020,13.87,17,11.02,0,2026-03-08,20260308_142314
TXN_20260308_142314_0021,48.44,10,3.32,0,2026-03-08,20260308_142314
TXN_20260308_142314_0022,29.61,15,4.2,0,2026-03-08,20260308_142314
TXN_20260308_142314_0023,86.81,19,18.8,0,2026-03-08,20260308_142314
TXN_20260308_142314_0024,16.96,18,11.88,0,2026-03-08,20260308_142314
TXN_20260308_142314_0025,169.05,16,3.29,0,2026-03-08,20260308_142314
TXN_20260308_142314_0026,677.57,17,2.32,0,2026-03-08,20260308_142314
TXN_20260308_142314_0027,60.22,18,52.81,0,2026-03-08,20260308_142314
TXN_20260308_142314_0028,305.31,18,32.94,0,2026-03-08,20260308_142314
TXN_20260308_142314_0029,110.54,11,0.78,0,2026-03-08,20260308_142314
TXN_20260308_142314_0030,22.32,14,0.89,0,2026-03-08,20260308_142314
TXN_20260308_142314_0031,29.11,21,11.91,0,2026-03-08,20260308_142314
TXN_20260308_142314_0032,36.25,8,5.3,0,2026-03-08,20260308_142314
TXN_20260308_142314_0033,34.84,8,3.92,0,2026-03-08,20260308_142314
TXN_20260308_142314_0034,13.55,8,6.48,0,2026-03-08,20260308_142314
TXN_20260308_142314_0035,165.6,11,25.13,0,2026-03-08,20260308_142314
TXN_20260308_142314_0036,921.8,4,390.68,1,2026-03-08,20260308_142314
TXN_20260308_142314_0037,92.14,14,1.35,0,2026-03-08,20260308_142314
TXN_20260308_142314_0038,106.6,12,8.36,0,2026-03-08,20260308_142314
TXN_20260308_142314_0039,38.12,11,13.39,0,2026-03-08,20260308_142314
TXN_20260308_142314_0040,35.02,8,5.74,0,2026-03-08,20260308_142314
TXN_20260308_142314_0041,74.08,11,25.63,0,2026-03-08,20260308_142314
TXN_20260308_142314_0042,12.1,16,3.44,0,2026-03-08,20260308_142314
TXN_20260308_142314_0043,92.65,11,0.02,0,2026-03-08,20260308_142314
TXN_20260308_142314_0044,31.91,10,2.42,0,2026-03-08,20260308_142314
TXN_20260308_142314_0045,362.64,3,313.54,1,2026-03-08,20260308_142314
TXN_20260308_142314_0046,69.39,8,10.06,0,2026-03-08,20260308_142314
TXN_20260308_142314_0047,9.51,10,1.49,0,2026-03-08,20260308_142314
TXN_20260308_142314_0048,59.56,19,10.15,0,2026-03-08,20260308_142314
TXN_20260308_142314_0049,82.29,16,1.15,0,2026-03-08,20260308_142314
TXN_20260308_142314_0050,52.84,16,0.17,0,2026-03-08,20260308_142314
TXN_20260308_142314_0051,35.4,21,3.31,0,2026-03-08,20260308_142314
TXN_20260308_142314_0052,89.57,12,2.94,0,2026-03-08,20260308_142314
TXN_20260308_142314_0053,139.67,13,6.88,0,2026-03-08,20260308_142314
TXN_20260308_142314_0054,108.01,13,4.97,0,2026-03-08,20260308_142314
TXN_20260308_142314_0055,18.8,14,3.56,0,2026-03-08,20260308_142314
TXN_20260308_142314_0056,10.0,13,4.33,0,2026-03-08,20260308_142314
TXN_20260308_142314_0057,245.59,20,6.11,0,2026-03-08,20260308_142314
TXN_20260308_142314_0058,58.89,9,5.47,0,2026-03-08,20260308_142314
TXN_20260308_142314_0059,80.1,12,13.3,0,2026-03-08,20260308_142314
TXN_20260308_142314_0060,26.68,15,6.63,0,2026-03-08,20260308_142314
TXN_20260308_142314_0061,138.62,18,7.36,0,2026-03-08,20260308_142314
TXN_20260308_142314_0062,29.83,11,12.31,0,2026-03-08,20260308_142314
TXN_20260308_142314_0063,147.47,8,19.26,0,2026-03-08,20260308_142314
TXN_20260308_142314_0064,66.07,19,5.26,0,2026-03-08,20260308_142314
TXN_20260308_142314_0065,31.45,17,1.12,0,2026-03-08,20260308_142314
TXN_20260308_142314_0066,14.04,12,19.78,0,2026-03-08,20260308_142314
TXN_20260308_142314_0067,65.6,15,3.75,0,2026-03-08,20260308_142314
TXN_20260308_142314_0068,42.61,21,16.62,0,2026-03-08,20260308_142314
TXN_20260308_142314_0069,38.85,13,0.77,0,2026-03-08,20260308_142314
TXN_20260308_142314_0070,62.18,16,9.45,0,2026-03-08,20260308_142314
TXN_20260308_142314_0071,17.15,14,3.34,0,2026-03-08,20260308_142314
TXN_20260308_142314_0072,40.28,18,15.78,0,2026-03-08,20260308_142314
TXN_20260308_142314_0073,38.02,21,11.28,0,2026-03-08,20260308_142314
TXN_20260308_142314_0074,12.95,19,7.83,0,2026-03-08,20260308_142314
TXN_20260308_142314_0075,94.73,11,0.05,0,2026-03-08,20260308_142314
TXN_20260308_142314_0076,19.92,17,8.98,0,2026-03-08,20260308_142314
TXN_20260308_142314_0077,38.0,11,32.41,0,2026-03-08,20260308_142314
TXN_20260308_142314_0078,173.23,12,1.02,0,2026-03-08,20260308_142314
TXN_20260308_142314_0079,144.82,9,8.02,0,2026-03-08,20260308_142314
TXN_20260308_142314_0080,173.9,12,27.61,0,2026-03-08,20260308_142314
TXN_20260308_142314_0081,817.42,3,58.02,1,2026-03-08,20260308_142314
TXN_20260308_142314_0082,389.94,21,0.74,0,2026-03-08,20260308_142314
TXN_20260308_142314_0083,133.65,13,15.47,0,2026-03-08,20260308_142314
TXN_20260308_142314_0084,12.47,11,6.72,0,2026-03-08,20260308_142314
TXN_20260308_142314_0085,95.08,10,4.51,0,2026-03-08,20260308_142314
TXN_20260308_142314_0086,10.26,18,4.51,0,2026-03-08,20260308_142314
TXN_20260308_142314_0087,6.15,18,22.84,0,2026-03-08,20260308_142314
TXN_20260308_142314_0088,218.93,8,0.86,0,2026-03-08,20260308_142314
TXN_20260308_142314_0089,58.4,12,6.02,0,2026-03-08,20260308_142314
TXN_20260308_142314_0090,23.49,18,12.06,0,2026-03-08,20260308_142314
TXN_20260308_142314_0091,169.07,1,542.46,1,2026-03-08,20260308_142314
TXN_20260308_142314_0092,38.9,10,20.19,0,2026-03-08,20260308_142314
TXN_20260308_142314_0093,35.32,11,2.61,0,2026-03-08,20260308_142314
TXN_20260308_142314_0094,35.45,21,10.09,0,2026-03-08,20260308_142314
TXN_20260308_142314_0095,44.23,16,9.51,0,2026-03-08,20260308_142314
TXN_20260308_142314_0096,51.67,11,8.22,0,2026-03-08,20260308_142314
TXN_20260308_142314_0097,26.22,18,1.51,0,2026-03-08,20260308_142314
TXN_20260308_142314_0098,78.88,12,14.78,0,2026-03-08,20260308_142314
TXN_20260308_142314_0099,62.84,12,1.88,0,2026-03-08,20260308_142314
TXN_20260308_142314_0100,27.15,18,8.39,0,2026-03-08,20260308_142314
TXN_20260308_142314_0101,51.47,12,0.7,0,2026-03-08,20260308_142314
TXN_20260308_142314_0102,42.24,19,7.85,0,2026-03-08,20260308_142314
TXN_20260308_142314_0103,86.38,13,10.7,0,2026-03-08,20260308_142314
TXN_20260308_142314_0104,20.75,20,13.42,0,2026-03-08,20260308_142314
TXN_20260308_142314_0105,31.55,18,6.2,0,2026-03-08,20260308_142314
TXN_20260308_142314_0106,22.53,21,26.16,0,2026-03-08,20260308_142314
TXN_20260308_142314_0107,60.09,13,1.63,0,2026-03-08,20260308_142314
TXN_20260308_142314_0108,54.09,15,10.45,0,2026-03-08,20260308_142314
TXN_20260308_142314_0109,539.01,8,1.05,0,2026-03-08,20260308_142314
TXN_20260308_142314_0110,31.72,13,23.96,0,2026-03-08,20260308_142314
TXN_20260308_142314_0111,111.16,14,14.29,0,2026-03-08,20260308_142314
TXN_20260308_142314_0112,22.97,13,10.1,0,2026-03-08,20260308_142314
TXN_20260308_142314_0113,5.83,11,1.04,0,2026-03-08,20260308_142314
TXN_20260308_142314_0114,321.18,21,6.5,0,2026-03-08,20260308_142314
TXN_20260308_142314_0115,649.04,0,29.24,1,2026-03-08,20260308_142314
TXN_20260308_142314_0116,206.42,13,8.9,0,2026-03-08,20260308_142314
TXN_20260308_142314_0117,88.28,20,26.38,0,2026-03-08,20260308_142314
TXN_20260308_142314_0118,128.34,10,1.66,0,2026-03-08,20260308_142314
TXN_20260308_142314_0119,31.16,14,48.04,0,2026-03-08,20260308_142314
TXN_20260308_142314_0120,353.1,2,237.03,1,2026-03-08,20260308_142314
TXN_20260308_142314_0121,24.65,18,9.78,0,2026-03-08,20260308_142314
TXN_20260308_142314_0122,213.09,19,0.64,0,2026-03-08,20260308_142314
TXN_20260308_142314_0123,48.27,19,1.56,0,2026-03-08,20260308_142314
TXN_20260308_142314_0124,166.17,14,6.54,0,2026-03-08,20260308_142314
TXN_20260308_142314_0125,85.3,10,0.48,0,2026-03-08,20260308_142314
TXN_20260308_142314_0126,17.17,20,1.51,0,2026-03-08,20260308_142314
TXN_20260308_142314_0127,59.97,21,24.59,0,2026-03-08,20260308_142314
TXN_20260308_142314_0128,2178.16,1,212.47,1,2026-03-08,20260308_142314
TXN_20260308_142314_0129,36.75,15,2.31,0,2026-03-08,20260308_142314
TXN_20260308_142314_0130,66.61,8,8.23,0,2026-03-08,20260308_142314
TXN_20260308_142314_0131,51.94,8,2.87,0,2026-03-08,20260308_142314
TXN_20260308_142314_0132,147.75,17,3.53,0,2026-03-08,20260308_142314
TXN_20260308_142314_0133,175.83,12,5.17,0,2026-03-08,20260308_142314
TXN_20260308_142314_0134,13.38,9,9.26,0,2026-03-08,20260308_142314
TXN_20260308_142314_0135,82.79,21,1.6,0,2026-03-08,20260308_142314
TXN_20260308_142314_0136,14.0,9,2.4,0,2026-03-08,20260308_142314
TXN_20260308_142314_0137,110.27,10,8.74,0,2026-03-08,20260308_142314
TXN_20260308_142314_0138,34.43,9,10.84,0,2026-03-08,20260308_142314
TXN_20260308_142314_0139,272.23,4,722.35,1,2026-03-08,20260308_142314
TXN_20260308_142314_0140,20.28,19,0.52,0,2026-03-08,20260308_142314
TXN_20260308_142314_0141,34.18,12,2.94,0,2026-03-08,20260308_142314
TXN_20260308_142314_0142,384.27,18,30.65,0,2026-03-08,20260308_142314
TXN_20260308_142314_0143,28.64,20,4.54,0,2026-03-08,20260308_142314
TXN_20260308_142314_0144,244.68,16,15.62,0,2026-03-08,20260308_142314
TXN_20260308_142314_0145,33.25,19,12.53,0,2026-03-08,20260308_142314
TXN_20260308_142314_0146,492.86,15,30.18,0,2026-03-08,20260308_142314
TXN_20260308_142314_0147,358.41,15,6.04,0,2026-03-08,20260308_142314
TXN_20260308_142314_0148,21.83,19,0.55,0,2026-03-08,20260308_142314
TXN_20260308_142314_0149,319.66,11,1.2,0,2026-03-08,20260308_142314
TXN_20260308_142314_0150,19.66,17,4.45,0,2026-03-08,20260308_142314
TXN_20260308_142314_0151,53.01,15,10.3,0,2026-03-08,20260308_142314
TXN_20260308_142314_0152,26.14,8,10.2,0,2026-03-08,20260308_142314
TXN_20260308_142314_0153,51.27,19,0.65,0,2026-03-08,20260308_142314
TXN_20260308_142314_0154,130.81,10,8.02,0,2026-03-08,20260308_142314
TXN_20260308_142314_0155,7.85,10,6.93,0,2026-03-08,20260308_142314
TXN_20260308_142314_0156,108.76,20,2.55,0,2026-03-08,20260308_142314
TXN_20260308_142314_0157,22.43,14,12.13,0,2026-03-08,20260308_142314
TXN_20260308_142314_0158,45.97,19,12.18,0,2026-03-08,20260308_142314
TXN_20260308_142314_0159,1151.71,1,591.61,1,2026-03-08,20260308_142314
TXN_20260308_142314_0160,30.12,12,0.75,0,2026-03-08,20260308_142314
TXN_20260308_142314_0161,24.75,17,12.31,0,2026-03-08,20260308_142314
TXN_20260308_142314_0162,5.95,12,3.18,0,2026-03-08,20260308_142314
TXN_20260308_142314_0163,23.99,21,13.54,0,2026-03-08,20260308_142314
TXN_20260308_142314_0164,174.31,8,5.42,0,2026-03-08,20260308_142314
TXN_20260308_142314_0165,134.42,16,0.88,0,2026-03-08,20260308_142314
TXN_20260308_142314_0166,9685.16,2,388.17,1,2026-03-08,20260308_142314
TXN_20260308_142314_0167,91.93,18,24.56,0,2026-03-08,20260308_142314
TXN_20260308_142314_0168,413.16,11,10.07,0,2026-03-08,20260308_142314
TXN_20260308_142314_0169,5.34,13,27.64,0,2026-03-08,20260308_142314
TXN_20260308_142314_0170,49.89,15,0.72,0,2026-03-08,20260308_142314
TXN_20260308_142314_0171,110.49,20,7.98,0,2026-03-08,20260308_142314
TXN_20260308_142314_0172,158.78,13,23.93,0,2026-03-08,20260308_142314
TXN_20260308_142314_0173,37.27,20,3.51,0,2026-03-08,20260308_142314
TXN_20260308_142314_0174,14.54,19,0.34,0,2026-03-08,20260308_142314
TXN_20260308_142314_0175,17.36,10,4.22,0,2026-03-08,20260308_142314
TXN_20260308_142314_0176,111.76,21,1.1,0,2026-03-08,20260308_142314
TXN_20260308_142314_0177,232.25,21,27.95,0,2026-03-08,20260308_142314
TXN_20260308_142314_0178,68.02,15,6.71,0,2026-03-08,20260308_142314
TXN_20260308_142314_0179,233.76,21,39.33,0,2026-03-08,20260308_142314
TXN_20260308_142314_0180,11.69,21,16.67,0,2026-03-08,20260308_142314
TXN_20260308_142314_0181,100.68,13,5.63,0,2026-03-08,20260308_142314
TXN_20260308_142314_0182,302.68,1,158.19,1,2026-03-08,20260308_142314
TXN_20260308_142314_0183,85.39,12,5.4,0,2026-03-08,20260308_142314
TXN_20260308_142314_0184,983.7,1,202.15,1,2026-03-08,20260308_142314
TXN_20260308_142314_0185,14.41,8,15.88,0,2026-03-08,20260308_142314
TXN_20260308_142314_0186,269.86,12,12.15,0,2026-03-08,20260308_142314
TXN_20260308_142314_0187,238.85,13,1.06,0,2026-03-08,20260308_142314
TXN_20260308_142314_0188,75.23,19,6.17,0,2026-03-08,20260308_142314
TXN_20260308_142314_0189,68.78,15,0.73,0,2026-03-08,20260308_142314
TXN_20260308_142314_0190,33.01,15,20.78,0,2026-03-08,20260308_142314
TXN_20260308_142314_0191,36.86,9,1.16,0,2026-03-08,20260308_142314
TXN_20260308_142314_0192,22.33,19,16.65,0,2026-03-08,20260308_142314
TXN_20260308_142314_0193,17.47,10,0.67,0,2026-03-08,20260308_142314
TXN_20260308_142314_0194,38.59,17,45.38,0,2026-03-08,20260308_142314
TXN_20260308_142314_0195,107.36,9,9.88,0,2026-03-08,20260308_142314
TXN_20260308_142314_0196,11.46,14,2.86,0,2026-03-08,20260308_142314
TXN_20260308_142314_0197,140.78,20,5.98,0,2026-03-08,20260308_142314
TXN_20260308_142314_0198,56.58,18,7.13,0,2026-03-08,20260308_142314
TXN_20260308_142314_0199,39.53,13,6.04,0,2026-03-08,20260308_142314
TXN_20260308_142314_0200,280.18,19,10.02,0,2026-03-08,20260308_142314
TXN_20260308_142314_0201,41.5,20,10.55,0,2026-03-08,20260308_142314
TXN_20260308_142314_0202,103.56,10,10.45,0,2026-03-08,20260308_142314
TXN_20260308_142314_0203,53.25,8,29.42,0,2026-03-08,20260308_142314
TXN_20260308_142314_0204,156.52,11,1.06,0,2026-03-08,20260308_142314
TXN_20260308_142314_0205,109.32,14,28.56,0,2026-03-08,20260308_142314
TXN_20260308_142314_0206,68.07,12,9.49,0,2026-03-08,20260308_142314
TXN_20260308_142314_0207,145.2,13,4.27,0,2026-03-08,20260308_142314
TXN_20260308_142314_0208,190.08,20,4.03,0,2026-03-08,20260308_142314
TXN_20260308_142314_0209,76.57,20,12.33,0,2026-03-08,20260308_142314
TXN_20260308_142314_0210,30.61,12,4.33,0,2026-03-08,20260308_142314
TXN_20260308_142314_0211,97.09,18,2.1,0,2026-03-08,20260308_142314
TXN_20260308_142314_0212,11573.85,5,62.62,1,2026-03-08,20260308_142314
TXN_20260308_142314_0213,12.4,16,21.99,0,2026-03-08,20260308_142314
TXN_20260308_142314_0214,63.19,9,0.73,0,2026-03-08,20260308_142314
TXN_20260308_142314_0215,298.32,9,19.39,0,2026-03-08,20260308_142314
TXN_20260308_142314_0216,148.21,9,17.17,0,2026-03-08,20260308_142314
TXN_20260308_142314_0217,18.67,17,7.06,0,2026-03-08,20260308_142314
TXN_20260308_142314_0218,17.24,20,2.12,0,2026-03-08,20260308_142314
TXN_20260308_142314_0219,70.0,13,0.31,0,2026-03-08,20260308_142314
TXN_20260308_142314_0220,18.17,16,6.42,0,2026-03-08,20260308_142314
TXN_20260308_142314_0221,110.94,10,58.14,0,2026-03-08,20260308_142314
TXN_20260308_142314_0222,32.79,21,4.14,0,2026-03-08,20260308_142314
TXN_20260308_142314_0223,656.94,9,2.55,0,2026-03-08,20260308_142314
TXN_20260308_142314_0224,34.08,20,2.37,0,2026-03-08,20260308_142314
TXN_20260308_142314_0225,840.62,9,14.47,0,2026-03-08,20260308_142314
TXN_20260308_142314_0226,200.84,19,3.36,0,2026-03-08,20260308_142314
TXN_20260308_142314_0227,79.36,21,23.15,0,2026-03-08,20260308_142314
TXN_20260308_142314_0228,36.76,19,37.93,0,2026-03-08,20260308_142314
TXN_20260308_142314_0229,158.67,11,32.85,0,2026-03-08,20260308_142314
TXN_20260308_142314_0230,335.96,3,22.88,1,2026-03-08,20260308_142314
TXN_20260308_142314_0231,11.16,10,2.11,0,2026-03-08,20260308_142314
TXN_20260308_142314_0232,82.68,19,23.24,0,2026-03-08,20260308_142314
TXN_20260308_142314_0233,135.01,14,12.14,0,2026-03-08,20260308_142314
TXN_20260308_142314_0234,25.99,18,6.7,0,2026-03-08,20260308_142314
TXN_20260308_142314_0235,111.93,17,12.88,0,2026-03-08,20260308_142314
TXN_20260308_142314_0236,87.97,18,1.36,0,2026-03-08,20260308_142314
TXN_20260308_142314_0237,27.43,13,2.84,0,2026-03-08,20260308_142314
TXN_20260308_142314_0238,69.9,8,18.55,0,2026-03-08,20260308_142314
TXN_20260308_142314_0239,107.24,15,7.64,0,2026-03-08,20260308_142314
TXN_20260308_142314_0240,108.02,13,21.85,0,2026-03-08,20260308_142314
TXN_20260308_142314_0241,154.42,18,6.36,0,2026-03-08,20260308_142314
TXN_20260308_142314_0242,32.74,12,48.27,0,2026-03-08,20260308_142314
TXN_20260308_142314_0243,550.18,1,146.04,1,2026-03-08,20260308_142314
TXN_20260308_142314_0244,78.98,20,2.04,0,2026-03-08,20260308_142314
TXN_20260308_142314_0245,19.26,8,18.01,0,2026-03-08,20260308_142314
TXN_20260308_142314_0246,5.69,17,2.06,0,2026-03-08,20260308_142314
TXN_20260308_142314_0247,68.65,10,19.71,0,2026-03-08,20260308_142314
TXN_20260308_142314_0248,22.93,15,13.58,0,2026-03-08,20260308_142314
TXN_20260308_142314_0249,40.6,17,6.42,0,2026-03-08,20260308_142314
TXN_20260308_142314_0250,152.5,13,1.73,0,2026-03-08,20260308_142314
TXN_20260308_142314_0251,179.88,12,0.65,0,2026-03-08,20260308_142314
TXN_20260308_142314_0252,281.33,8,0.06,0,2026-03-08,20260308_142314
TXN_20260308_142314_0253,35.41,19,9.82,0,2026-03-08,20260308_142314
TXN_20260308_142314_0254,26.39,14,4.92,0,2026-03-08,20260308_142314
TXN_20260308_142314_0255,34.07,14,1.27,0,2026-03-08,20260308_142314
TXN_20260308_142314_0256,138.29,9,13.01,0,2026-03-08,20260308_142314
TXN_20260308_142314_0257,7.8,15,3.27,0,2026-03-08,20260308_142314
TXN_20260308_142314_0258,51.93,17,4.48,0,2026-03-08,20260308_142314
TXN_20260308_142314_0259,105.48,14,5.96,0,2026-03-08,20260308_142314
TXN_20260308_142314_0260,36.25,10,2.59,0,2026-03-08,20260308_142314
TXN_20260308_142314_0261,93.55,11,0.26,0,2026-03-08,20260308_142314
TXN_20260308_142314_0262,288.58,8,20.47,0,2026-03-08,20260308_142314
TXN_20260308_142314_0263,37.41,14,12.31,0,2026-03-08,20260308_142314
TXN_20260308_142314_0264,75.47,8,0.84,0,2026-03-08,20260308_142314
TXN_20260308_142314_0265,64.56,8,3.49,0,2026-03-08,20260308_142314
TXN_20260308_142314_0266,34.95,21,42.15,0,2026-03-08,20260308_142314
TXN_20260308_142314_0267,75.8,16,3.48,0,2026-03-08,20260308_142314
TXN_20260308_142314_0268,66.98,16,13.02,0,2026-03-08,20260308_142314
TXN_20260308_142314_0269,66.76,15,13.04,0,2026-03-08,20260308_142314
TXN_20260308_142314_0270,60.98,15,0.34,0,2026-03-08,20260308_142314
TXN_20260308_142314_0271,8.16,12,26.11,0,2026-03-08,20260308_142314
TXN_20260308_142314_0272,22.84,8,15.48,0,2026-03-08,20260308_142314
TXN_20260308_142314_0273,90.3,9,16.29,0,2026-03-08,20260308_142314
TXN_20260308_142314_0274,1312.75,1,105.54,1,2026-03-08,20260308_142314
TXN_20260308_142314_0275,192.95,19,9.55,0,2026-03-08,20260308_142314
TXN_20260308_142314_0276,10.6,10,1.92,0,2026-03-08,20260308_142314
TXN_20260308_142314_0277,24.11,18,3.48,0,2026-03-08,20260308_142314
TXN_20260308_142314_0278,8.43,12,8.51,0,2026-03-08,20260308_142314
TXN_20260308_142314_0279,70.38,19,1.22,0,2026-03-08,20260308_142314
TXN_20260308_142314_0280,263.81,8,32.65,0,2026-03-08,20260308_142314
TXN_20260308_142314_0281,53.56,18,10.39,0,2026-03-08,20260308_142314
TXN_20260308_142314_0282,33.52,8,4.6,0,2026-03-08,20260308_142314
TXN_20260308_142314_0283,178.09,12,49.1,0,2026-03-08,20260308_142314
TXN_20260308_142314_0284,42.04,21,16.26,0,2026-03-08,20260308_142314
TXN_20260308_142314_0285,24.99,14,2.78,0,2026-03-08,20260308_142314
TXN_20260308_142314_0286,86.99,20,20.8,0,2026-03-08,20260308_142314
TXN_20260308_142314_0287,67.23,20,26.68,0,2026-03-08,20260308_142314
TXN_20260308_142314_0288,130.93,13,0.68,0,2026-03-08,20260308_142314
TXN_20260308_142314_0289,318.59,17,16.48,0,2026-03-08,20260308_142314
TXN_20260308_142314_0290,75.52,8,10.29,0,2026-03-08,20260308_142314
TXN_20260308_142314_0291,25.54,15,6.54,0,2026-03-08,20260308_142314
TXN_20260308_142314_0292,4.79,16,11.42,0,2026-03-08,20260308_142314
TXN_20260308_142314_0293,17.64,17,14.93,0,2026-03-08,20260308_142314
TXN_20260308_142314_0294,33.66,11,7.68,0,2026-03-08,20260308_142314
TXN_20260308_142314_0295,76.19,21,6.59,0,2026-03-08,20260308_142314
TXN_20260308_142314_0296,41.25,17,2.31,0,2026-03-08,20260308_142314
TXN_20260308_142314_0297,13.45,14,8.11,0,2026-03-08,20260308_142314
TXN_20260308_142314_0298,79.67,19,11.94,0,2026-03-08,20260308_142314
TXN_20260308_142314_0299,28.26,9,2.91,0,2026-03-08,20260308_142314
TXN_20260308_142314_0300,12.01,19,2.57,0,2026-03-08,20260308_142314
TXN_20260308_142314_0301,108.41,13,10.97,0,2026-03-08,20260308_142314
TXN_20260308_142314_0302,46.61,12,17.35,0,2026-03-08,20260308_142314
TXN_20260308_142314_0303,38.32,19,10.0,0,2026-03-08,20260308_142314
TXN_20260308_142314_0304,75.26,14,6.66,0,2026-03-08,20260308_142314
TXN_20260308_142314_0305,48.37,20,29.69,0,2026-03-08,20260308_142314
TXN_20260308_142314_0306,98.45,9,4.01,0,2026-03-08,20260308_142314
TXN_20260308_142314_0307,57.61,13,5.32,0,2026-03-08,20260308_142314
TXN_20260308_142314_0308,35.06,16,0.99,0,2026-03-08,20260308_142314
TXN_20260308_142314_0309,19.09,16,0.67,0,2026-03-08,20260308_142314
TXN_20260308_142314_0310,191.98,18,1.31,0,2026-03-08,20260308_142314
TXN_20260308_142314_0311,215.25,12,14.2,0,2026-03-08,20260308_142314
TXN_20260308_142314_0312,133.66,12,13.49,0,2026-03-08,20260308_142314
TXN_20260308_142314_0313,266.47,19,5.7,0,2026-03-08,20260308_142314
TXN_20260308_142314_0314,37.21,21,37.32,0,2026-03-08,20260308_142314
TXN_20260308_142314_0315,285.96,16,3.82,0,2026-03-08,20260308_142314
TXN_20260308_142314_0316,62.32,19,12.7,0,2026-03-08,20260308_142314
TXN_20260308_142314_0317,27.55,12,8.17,0,2026-03-08,20260308_142314
TXN_20260308_142314_0318,27.89,16,1.01,0,2026-03-08,20260308_142314
TXN_20260308_142314_0319,97.03,10,1.48,0,2026-03-08,20260308_142314
TXN_20260308_142314_0320,22.31,13,7.07,0,2026-03-08,20260308_142314
TXN_20260308_142314_0321,10.9,19,7.71,0,2026-03-08,20260308_142314
TXN_20260308_142314_0322,92.94,14,15.85,0,2026-03-08,20260308_142314
TXN_20260308_142314_0323,57.41,14,1.88,0,2026-03-08,20260308_142314
TXN_20260308_142314_0324,15.28,21,11.68,0,2026-03-08,20260308_142314
TXN_20260308_142314_0325,78.63,14,3.73,0,2026-03-08,20260308_142314
TXN_20260308_142314_0326,35.64,16,0.59,0,2026-03-08,20260308_142314
TXN_20260308_142314_0327,1454.18,5,191.44,1,2026-03-08,20260308_142314
TXN_20260308_142314_0328,98.52,9,2.24,0,2026-03-08,20260308_142314
TXN_20260308_142314_0329,162.35,8,6.5,0,2026-03-08,20260308_142314
TXN_20260308_142314_0330,189.96,12,2.43,0,2026-03-08,20260308_142314
TXN_20260308_142314_0331,72.57,8,27.06,0,2026-03-08,20260308_142314
TXN_20260308_142314_0332,5.55,9,49.2,0,2026-03-08,20260308_142314
TXN_20260308_142314_0333,4.94,17,5.75,0,2026-03-08,20260308_142314
TXN_20260308_142314_0334,31.2,12,9.09,0,2026-03-08,20260308_142314
TXN_20260308_142314_0335,280.71,20,25.81,0,2026-03-08,20260308_142314
TXN_20260308_142314_0336,24.57,13,15.87,0,2026-03-08,20260308_142314
TXN_20260308_142314_0337,78.71,14,11.39,0,2026-03-08,20260308_142314
TXN_20260308_142314_0338,55.4,14,1.85,0,2026-03-08,20260308_142314
TXN_20260308_142314_0339,14.31,19,24.42,0,2026-03-08,20260308_142314
TXN_20260308_142314_0340,1111.44,4,31.68,1,2026-03-08,20260308_142314
TXN_20260308_142314_0341,21.02,18,0.4,0,2026-03-08,20260308_142314
TXN_20260308_142314_0342,22.37,10,6.03,0,2026-03-08,20260308_142314
TXN_20260308_142314_0343,42.24,14,6.48,0,2026-03-08,20260308_142314
TXN_20260308_142314_0344,27.61,20,14.72,0,2026-03-08,20260308_142314
TXN_20260308_142314_0345,8.89,13,20.57,0,2026-03-08,20260308_142314
TXN_20260308_142314_0346,64.64,11,0.58,0,2026-03-08,20260308_142314
TXN_20260308_142314_0347,249.68,14,0.76,0,2026-03-08,20260308_142314
TXN_20260308_142314_0348,10.92,17,17.12,0,2026-03-08,20260308_142314
TXN_20260308_142314_0349,96.1,10,1.52,0,2026-03-08,20260308_142314
TXN_20260308_142314_0350,16.75,9,7.23,0,2026-03-08,20260308_142314
TXN_20260308_142314_0351,171.7,12,14.38,0,2026-03-08,20260308_142314
TXN_20260308_142314_0352,32.24,13,15.59,0,2026-03-08,20260308_142314
TXN_20260308_142314_0353,14.01,17,10.08,0,2026-03-08,20260308_142314
TXN_20260308_142314_0354,34.41,12,0.36,0,2026-03-08,20260308_142314
TXN_20260308_142314_0355,72.19,10,20.18,0,2026-03-08,20260308_142314
TXN_20260308_142314_0356,14.03,13,13.79,0,2026-03-08,20260308_142314
TXN_20260308_142314_0357,145.9,8,2.84,0,2026-03-08,20260308_142314
TXN_20260308_142314_0358,248.81,19,3.36,0,2026-03-08,20260308_142314
TXN_20260308_142314_0359,102.57,8,29.79,0,2026-03-08,20260308_142314
TXN_20260308_142314_0360,13.42,14,4.0,0,2026-03-08,20260308_142314
TXN_20260308_142314_0361,47.67,17,9.8,0,2026-03-08,20260308_142314
TXN_20260308_142314_0362,337.6,13,27.81,0,2026-03-08,20260308_142314
TXN_20260308_142314_0363,67.83,8,1.18,0,2026-03-08,20260308_142314
TXN_20260308_142314_0364,151.12,19,12.18,0,2026-03-08,20260308_142314
TXN_20260308_142314_0365,67.48,14,18.68,0,2026-03-08,20260308_142314
TXN_20260308_142314_0366,34.77,15,8.9,0,2026-03-08,20260308_142314
TXN_20260308_142314_0367,24.34,16,1.74,0,2026-03-08,20260308_142314
TXN_20260308_142314_0368,108.61,18,16.34,0,2026-03-08,20260308_142314
TXN_20260308_142314_0369,112.03,10,10.44,0,2026-03-08,20260308_142314
TXN_20260308_142314_0370,12.98,19,3.92,0,2026-03-08,20260308_142314
TXN_20260308_142314_0371,13.91,11,5.99,0,2026-03-08,20260308_142314
TXN_20260308_142314_0372,106.18,12,1.26,0,2026-03-08,20260308_142314
TXN_20260308_142314_0373,25.92,19,7.21,0,2026-03-08,20260308_142314
TXN_20260308_142314_0374,38.15,17,9.18,0,2026-03-08,20260308_142314
TXN_20260308_142314_0375,34.39,19,15.91,0,2026-03-08,20260308_142314
TXN_20260308_142314_0376,19.7,16,0.82,0,2026-03-08,20260308_142314
TXN_20260308_142314_0377,69.23,10,25.7,0,2026-03-08,20260308_142314
TXN_20260308_142314_0378,24.76,21,6.57,0,2026-03-08,20260308_142314
TXN_20260308_142314_0379,249.91,13,17.01,0,2026-03-08,20260308_142314
TXN_20260308_142314_0380,63.52,9,6.64,0,2026-03-08,20260308_142314
TXN_20260308_142314_0381,27.14,8,6.58,0,2026-03-08,20260308_142314
TXN_20260308_142314_0382,57.6,8,58.79,0,2026-03-08,20260308_142314
TXN_20260308_142314_0383,32.46,20,16.5,0,2026-03-08,20260308_142314
TXN_20260308_142314_0384,13.56,19,9.46,0,2026-03-08,20260308_142314
TXN_20260308_142314_0385,101.68,15,4.95,0,2026-03-08,20260308_142314
TXN_20260308_142314_0386,214.02,12,15.57,0,2026-03-08,20260308_142314
TXN_20260308_142314_0387,76.71,15,6.66,0,2026-03-08,20260308_142314
TXN_20260308_142314_0388,24.72,20,4.9,0,2026-03-08,20260308_142314
TXN_20260308_142314_0389,33.05,19,37.86,0,2026-03-08,20260308_142314
TXN_20260308_142314_0390,612.18,18,8.05,0,2026-03-08,20260308_142314
TXN_20260308_142314_0391,45.31,18,12.76,0,2026-03-08,20260308_142314
TXN_20260308_142314_0392,799.94,21,10.0,0,2026-03-08,20260308_142314
TXN_20260308_142314_0393,74.1,15,5.11,0,2026-03-08,20260308_142314
TXN_20260308_142314_0394,32.44,13,6.62,0,2026-03-08,20260308_142314
TXN_20260308_142314_0395,73.4,16,7.56,0,2026-03-08,20260308_142314
TXN_20260308_142314_0396,56.21,12,2.81,0,2026-03-08,20260308_142314
TXN_20260308_142314_0397,20.08,16,7.11,0,2026-03-08,20260308_142314
TXN_20260308_142314_0398,127.67,20,16.1,0,2026-03-08,20260308_142314
TXN_20260308_142314_0399,120.76,13,1.61,0,2026-03-08,20260308_142314
TXN_20260308_142314_0400,31.02,10,1.26,0,2026-03-08,20260308_142314
TXN_20260308_142314_0401,43.44,21,11.43,0,2026-03-08,20260308_142314
TXN_20260308_142314_0402,485.19,4,69.43,1,2026-03-08,20260308_142314
TXN_20260308_142314_0403,96.47,8,7.41,0,2026-03-08,20260308_142314
TXN_20260308_142314_0404,18.02,19,4.32,0,2026-03-08,20260308_142314
TXN_20260308_142314_0405,41.95,8,8.96,0,2026-03-08,20260308_142314
TXN_20260308_142314_0406,91.06,17,17.22,0,2026-03-08,20260308_142314
TXN_20260308_142314_0407,107.73,14,2.04,0,2026-03-08,20260308_142314
TXN_20260308_142314_0408,326.39,9,6.02,0,2026-03-08,20260308_142314
TXN_20260308_142314_0409,27.14,16,3.99,0,2026-03-08,20260308_142314
TXN_20260308_142314_0410,1082.51,20,0.88,0,2026-03-08,20260308_142314
TXN_20260308_142314_0411,443.94,11,36.06,0,2026-03-08,20260308_142314
TXN_20260308_142314_0412,52.35,15,8.85,0,2026-03-08,20260308_142314
TXN_20260308_142314_0413,103.85,8,2.63,0,2026-03-08,20260308_142314
TXN_20260308_142314_0414,115.0,19,44.09,0,2026-03-08,20260308_142314
TXN_20260308_142314_0415,90.19,9,10.27,0,2026-03-08,20260308_142314
TXN_20260308_142314_0416,20.04,11,2.43,0,2026-03-08,20260308_142314
TXN_20260308_142314_0417,202.93,15,15.24,0,2026-03-08,20260308_142314
TXN_20260308_142314_0418,94.26,8,7.07,0,2026-03-08,20260308_142314
TXN_20260308_142314_0419,16.74,9,5.46,0,2026-03-08,20260308_142314
TXN_20260308_142314_0420,20.34,10,2.09,0,2026-03-08,20260308_142314
TXN_20260308_142314_0421,106.93,14,0.11,0,2026-03-08,20260308_142314
TXN_20260308_142314_0422,27.36,11,14.27,0,2026-03-08,20260308_142314
TXN_20260308_142314_0423,4.52,16,1.49,0,2026-03-08,20260308_142314
TXN_20260308_142314_0424,78.79,17,41.23,0,2026-03-08,20260308_142314
TXN_20260308_142314_0425,10.31,17,7.17,0,2026-03-08,20260308_142314
TXN_20260308_142314_0426,28.79,20,5.55,0,2026-03-08,20260308_142314
TXN_20260308_142314_0427,16.81,10,4.82,0,2026-03-08,20260308_142314
TXN_20260308_142314_0428,709.33,10,8.04,0,2026-03-08,20260308_142314
TXN_20260308_142314_0429,19.75,19,13.12,0,2026-03-08,20260308_142314
TXN_20260308_142314_0430,94.59,20,22.32,0,2026-03-08,20260308_142314
TXN_20260308_142314_0431,33.42,17,25.27,0,2026-03-08,20260308_142314
TXN_20260308_142314_0432,245.16,13,0.96,0,2026-03-08,20260308_142314
TXN_20260308_142314_0433,95.71,11,10.44,0,2026-03-08,20260308_142314
TXN_20260308_142314_0434,31.71,11,9.52,0,2026-03-08,20260308_142314
TXN_20260308_142314_0435,45.97,17,3.15,0,2026-03-08,20260308_142314
TXN_20260308_142314_0436,15.09,16,5.77,0,2026-03-08,20260308_142314
TXN_20260308_142314_0437,25.4,9,0.46,0,2026-03-08,20260308_142314
TXN_20260308_142314_0438,138.48,17,0.75,0,2026-03-08,20260308_142314
TXN_20260308_142314_0439,14.68,10,6.41,0,2026-03-08,20260308_142314
TXN_20260308_142314_0440,35.46,11,4.09,0,2026-03-08,20260308_142314
TXN_20260308_142314_0441,79.67,19,1.61,0,2026-03-08,20260308_142314
TXN_20260308_142314_0442,50.2,20,16.25,0,2026-03-08,20260308_142314
TXN_20260308_142314_0443,161.96,10,16.32,0,2026-03-08,20260308_142314
TXN_20260308_142314_0444,59.7,11,12.65,0,2026-03-08,20260308_142314
TXN_20260308_142314_0445,46.86,12,34.88,0,2026-03-08,20260308_142314
TXN_20260308_142314_0446,55.3,10,10.88,0,2026-03-08,20260308_142314
TXN_20260308_142314_0447,31.53,13,2.68,0,2026-03-08,20260308_142314
TXN_20260308_142314_0448,68.32,14,3.94,0,2026-03-08,20260308_142314
TXN_20260308_142314_0449,60.19,8,10.53,0,2026-03-08,20260308_142314
TXN_20260308_142314_0450,108.46,10,1.57,0,2026-03-08,20260308_142314
TXN_20260308_142314_0451,17.4,14,10.04,0,2026-03-08,20260308_142314
TXN_20260308_142314_0452,90.39,18,12.67,0,2026-03-08,20260308_142314
TXN_20260308_142314_0453,18.16,12,14.9,0,2026-03-08,20260308_142314
TXN_20260308_142314_0454,36.21,18,4.51,0,2026-03-08,20260308_142314
TXN_20260308_142314_0455,48.28,21,9.45,0,2026-03-08,20260308_142314
TXN_20260308_142314_0456,25.24,8,4.43,0,2026-03-08,20260308_142314
TXN_20260308_142314_0457,83.38,16,5.39,0,2026-03-08,20260308_142314
TXN_20260308_142314_0458,21.87,18,10.12,0,2026-03-08,20260308_142314
TXN_20260308_142314_0459,163.32,10,4.27,0,2026-03-08,20260308_142314
TXN_20260308_142314_0460,192.92,21,8.46,0,2026-03-08,20260308_142314
TXN_20260308_142314_0461,977.22,21,2.18,0,2026-03-08,20260308_142314
TXN_20260308_142314_0462,101.56,15,30.66,0,2026-03-08,20260308_142314
TXN_20260308_142314_0463,80.24,8,5.19,0,2026-03-08,20260308_142314
TXN_20260308_142314_0464,2776.9,1,4.72,1,2026-03-08,20260308_142314
TXN_20260308_142314_0465,45.38,8,2.41,0,2026-03-08,20260308_142314
TXN_20260308_142314_0466,95.36,13,10.18,0,2026-03-08,20260308_142314
TXN_20260308_142314_0467,55.69,13,6.13,0,2026-03-08,20260308_142314
TXN_20260308_142314_0468,16.07,14,9.35,0,2026-03-08,20260308_142314
TXN_20260308_142314_0469,260.37,15,7.76,0,2026-03-08,20260308_142314
TXN_20260308_142314_0470,102.81,14,3.4,0,2026-03-08,20260308_142314
TXN_20260308_142314_0471,72.1,9,7.84,0,2026-03-08,20260308_142314
TXN_20260308_142314_0472,167.5,2,37.4,1,2026-03-08,20260308_142314
TXN_20260308_142314_0473,83.7,18,6.06,0,2026-03-08,20260308_142314
TXN_20260308_142314_0474,76.27,10,7.89,0,2026-03-08,20260308_142314
TXN_20260308_142314_0475,17.73,16,7.71,0,2026-03-08,20260308_142314
TXN_20260308_142314_0476,96.6,10,20.33,0,2026-03-08,20260308_142314
TXN_20260308_142314_0477,107.71,15,8.95,0,2026-03-08,20260308_142314
TXN_20260308_142314_0478,30.77,10,7.24,0,2026-03-08,20260308_142314
TXN_20260308_142314_0479,26.57,20,3.25,0,2026-03-08,20260308_142314
TXN_20260308_142314_0480,122.05,19,5.92,0,2026-03-08,20260308_142314
TXN_20260308_142314_0481,50.03,15,2.68,0,2026-03-08,20260308_142314
TXN_20260308_142314_0482,75.17,18,14.64,0,2026-03-08,20260308_142314
TXN_20260308_142314_0483,41.84,20,8.56,0,2026-03-08,20260308_142314
TXN_20260308_142314_0484,258.76,14,5.49,0,2026-03-08,20260308_142314
TXN_20260308_142314_0485,27.08,18,16.58,0,2026-03-08,20260308_142314
TXN_20260308_142314_0486,98.28,12,0.53,0,2026-03-08,20260308_142314
TXN_20260308_142314_0487,350.75,13,4.55,0,2026-03-08,20260308_142314
TXN_20260308_142314_0488,6.9,17,23.47,0,2026-03-08,20260308_142314
TXN_20260308_142314_0489,77.3,16,1.52,0,2026-03-08,20260308_142314
TXN_20260308_142314_0490,18.87,16,19.29,0,2026-03-08,20260308_142314
TXN_20260308_142314_0491,14.61,18,7.24,0,2026-03-08,20260308_142314
TXN_20260308_142314_0492,48.08,17,10.81,0,2026-03-08,20260308_142314
TXN_20260308_142314_0493,83.82,12,45.81,0,2026-03-08,20260308_142314
TXN_20260308_142314_0494,57.77,15,16.39,0,2026-03-08,20260308_142314
TXN_20260308_142314_0495,30.18,10,16.02,0,2026-03-08,20260308_142314
TXN_20260308_142314_0496,93.32,12,3.07,0,2026-03-08,20260308_142314
TXN_20260308_142314_0497,71.76,9,36.16,0,2026-03-08,20260308_142314
TXN_20260308_142314_0498,341.3,17,0.29,0,2026-03-08,20260308_142314
TXN_20260308_142314_0499,26.79,11,4.28,0,2026-03-08,20260308_142314
TXN_20260308_142314_0500,332.48,21,8.97,0,2026-03-08,20260308_142314
TXN_20260308_142314_0501,11.5,12,28.04,0,2026-03-08,20260308_142314
TXN_20260308_142314_0502,83.99,12,0.15,0,2026-03-08,20260308_142314
TXN_20260308_142314_0503,100.95,10,6.68,0,2026-03-08,20260308_142314
TXN_20260308_142314_0504,23.71,16,8.24,0,2026-03-08,20260308_142314
TXN_20260308_142314_0505,7.57,9,1.13,0,2026-03-08,20260308_142314
TXN_20260308_142314_0506,196.67,13,8.26,0,2026-03-08,20260308_142314
TXN_20260308_142314_0507,34.24,8,2.31,0,2026-03-08,20260308_142314
TXN_20260308_142314_0508,22.75,15,10.44,0,2026-03-08,20260308_142314
TXN_20260308_142314_0509,193.49,13,0.46,0,2026-03-08,20260308_142314
TXN_20260308_142314_0510,32.05,13,1.55,0,2026-03-08,20260308_142314
TXN_20260308_142314_0511,119.3,16,0.45,0,2026-03-08,20260308_142314
TXN_20260308_142314_0512,15.2,8,4.14,0,2026-03-08,20260308_142314
TXN_20260308_142314_0513,6.38,17,3.16,0,2026-03-08,20260308_142314
TXN_20260308_142314_0514,315.61,12,2.75,0,2026-03-08,20260308_142314
TXN_20260308_142314_0515,142.02,8,1.18,0,2026-03-08,20260308_142314
TXN_20260308_142314_0516,44.43,15,1.86,0,2026-03-08,20260308_142314
TXN_20260308_142314_0517,4429.36,5,83.58,1,2026-03-08,20260308_142314
TXN_20260308_142314_0518,21.06,17,1.21,0,2026-03-08,20260308_142314
TXN_20260308_142314_0519,25.04,14,6.76,0,2026-03-08,20260308_142314
TXN_20260308_142314_0520,28.31,16,7.65,0,2026-03-08,20260308_142314
TXN_20260308_142314_0521,51.77,13,19.78,0,2026-03-08,20260308_142314
TXN_20260308_142314_0522,173.88,19,14.74,0,2026-03-08,20260308_142314
TXN_20260308_142314_0523,65.86,18,49.1,0,2026-03-08,20260308_142314
TXN_20260308_142314_0524,15.29,11,3.56,0,2026-03-08,20260308_142314
TXN_20260308_142314_0525,43.59,11,7.78,0,2026-03-08,20260308_142314
TXN_20260308_142314_0526,56.5,8,3.55,0,2026-03-08,20260308_142314
TXN_20260308_142314_0527,194.58,13,27.71,0,2026-03-08,20260308_142314
TXN_20260308_142314_0528,119.28,20,0.84,0,2026-03-08,20260308_142314
TXN_20260308_142314_0529,48.92,15,2.4,0,2026-03-08,20260308_142314
TXN_20260308_142314_0530,137.91,14,1.03,0,2026-03-08,20260308_142314
TXN_20260308_142314_0531,76.52,19,10.3,0,2026-03-08,20260308_142314
TXN_20260308_142314_0532,14.82,16,4.77,0,2026-03-08,20260308_142314
TXN_20260308_142314_0533,13.51,18,13.03,0,2026-03-08,20260308_142314
TXN_20260308_142314_0534,40.11,13,6.71,0,2026-03-08,20260308_142314
TXN_20260308_142314_0535,27.18,13,4.32,0,2026-03-08,20260308_142314
TXN_20260308_142314_0536,37.33,11,1.28,0,2026-03-08,20260308_142314
TXN_20260308_142314_0537,29.17,10,4.47,0,2026-03-08,20260308_142314
TXN_20260308_142314_0538,363.05,14,10.15,0,2026-03-08,20260308_142314
TXN_20260308_142314_0539,13.29,21,8.09,0,2026-03-08,20260308_142314
TXN_20260308_142314_0540,119.24,12,18.13,0,2026-03-08,20260308_142314
TXN_20260308_142314_0541,361.66,1,270.24,1,2026-03-08,20260308_142314
TXN_20260308_142314_0542,49.63,10,6.09,0,2026-03-08,20260308_142314
TXN_20260308_142314_0543,83.28,13,0.74,0,2026-03-08,20260308_142314
TXN_20260308_142314_0544,175.67,14,1.18,0,2026-03-08,20260308_142314
TXN_20260308_142314_0545,89.68,12,4.54,0,2026-03-08,20260308_142314
TXN_20260308_142314_0546,20.89,11,0.75,0,2026-03-08,20260308_142314
TXN_20260308_142314_0547,38.27,18,13.04,0,2026-03-08,20260308_142314
TXN_20260308_142314_0548,82.67,15,1.2,0,2026-03-08,20260308_142314
TXN_20260308_142314_0549,94.07,12,3.19,0,2026-03-08,20260308_142314
TXN_20260308_142314_0550,80.91,12,21.25,0,2026-03-08,20260308_142314
TXN_20260308_142314_0551,233.19,10,2.29,0,2026-03-08,20260308_142314
TXN_20260308_142314_0552,51.93,18,3.72,0,2026-03-08,20260308_142314
TXN_20260308_142314_0553,18.85,11,6.23,0,2026-03-08,20260308_142314
TXN_20260308_142314_0554,291.4,15,23.43,0,2026-03-08,20260308_142314
TXN_20260308_142314_0555,102.54,14,18.17,0,2026-03-08,20260308_142314
TXN_20260308_142314_0556,63.09,12,3.51,0,2026-03-08,20260308_142314
TXN_20260308_142314_0557,15.87,20,4.86,0,2026-03-08,20260308_142314
TXN_20260308_142314_0558,79.23,20,6.7,0,2026-03-08,20260308_142314
TXN_20260308_142314_0559,87.2,20,3.92,0,2026-03-08,20260308_142314
TXN_20260308_142314_0560,49.03,18,13.54,0,2026-03-08,20260308_142314
TXN_20260308_142314_0561,35.1,18,2.03,0,2026-03-08,20260308_142314
TXN_20260308_142314_0562,15.94,8,10.15,0,2026-03-08,20260308_142314
TXN_20260308_142314_0563,1387.8,1,161.99,1,2026-03-08,20260308_142314
TXN_20260308_142314_0564,27.21,10,38.49,0,2026-03-08,20260308_142314
TXN_20260308_142314_0565,362.45,13,6.64,0,2026-03-08,20260308_142314
TXN_20260308_142314_0566,72.54,11,22.56,0,2026-03-08,20260308_142314
TXN_20260308_142314_0567,149.67,11,6.69,0,2026-03-08,20260308_142314
TXN_20260308_142314_0568,54.7,13,2.1,0,2026-03-08,20260308_142314
TXN_20260308_142314_0569,51.77,15,4.26,0,2026-03-08,20260308_142314
TXN_20260308_142314_0570,13.94,16,4.83,0,2026-03-08,20260308_142314
TXN_20260308_142314_0571,67.31,13,2.59,0,2026-03-08,20260308_142314
TXN_20260308_142314_0572,8.08,17,9.54,0,2026-03-08,20260308_142314
TXN_20260308_142314_0573,15.83,9,11.23,0,2026-03-08,20260308_142314
TXN_20260308_142314_0574,2265.4,0,531.61,1,2026-03-08,20260308_142314
TXN_20260308_142314_0575,54.51,17,9.99,0,2026-03-08,20260308_142314
TXN_20260308_142314_0576,18.96,19,1.11,0,2026-03-08,20260308_142314
TXN_20260308_142314_0577,110.85,9,0.58,0,2026-03-08,20260308_142314
TXN_20260308_142314_0578,4796.71,2,212.25,1,2026-03-08,20260308_142314
TXN_20260308_142314_0579,8626.85,4,372.99,1,2026-03-08,20260308_142314
TXN_20260308_142314_0580,40.48,15,3.64,0,2026-03-08,20260308_142314
TXN_20260308_142314_0581,4.91,10,4.51,0,2026-03-08,20260308_142314
TXN_20260308_142314_0582,168.99,9,1.53,0,2026-03-08,20260308_142314
TXN_20260308_142314_0583,3333.71,4,429.82,1,2026-03-08,20260308_142314
TXN_20260308_142314_0584,32.91,9,0.38,0,2026-03-08,20260308_142314
TXN_20260308_142314_0585,15.28,8,36.84,0,2026-03-08,20260308_142314
TXN_20260308_142314_0586,41.95,11,1.01,0,2026-03-08,20260308_142314
TXN_20260308_142314_0587,72.11,13,0.62,0,2026-03-08,20260308_142314
TXN_20260308_142314_0588,43.57,14,2.89,0,2026-03-08,20260308_142314
TXN_20260308_142314_0589,412.65,9,1.79,0,2026-03-08,20260308_142314
TXN_20260308_142314_0590,76.6,9,16.48,0,2026-03-08,20260308_142314
TXN_20260308_142314_0591,75.75,9,1.99,0,2026-03-08,20260308_142314
TXN_20260308_142314_0592,145.86,16,4.73,0,2026-03-08,20260308_142314
TXN_20260308_142314_0593,21.42,21,5.29,0,2026-03-08,20260308_142314
TXN_20260308_142314_0594,21.04,12,4.1,0,2026-03-08,20260308_142314
TXN_20260308_142314_0595,19.09,20,26.09,0,2026-03-08,20260308_142314
TXN_20260308_142314_0596,34.97,9,15.96,0,2026-03-08,20260308_142314
TXN_20260308_142314_0597,211.8,2,29.74,1,2026-03-08,20260308_142314
TXN_20260308_142314_0598,109.54,13,6.36,0,2026-03-08,20260308_142314
TXN_20260308_142314_0599,23.81,13,1.83,0,2026-03-08,20260308_142314
TXN_20260308_142314_0600,257.0,9,1.85,0,2026-03-08,20260308_142314
TXN_20260308_142314_0601,53.01,20,30.69,0,2026-03-08,20260308_142314
TXN_20260308_142314_0602,25.35,13,18.24,0,2026-03-08,20260308_142314
TXN_20260308_142314_0603,1906.55,5,181.22,1,2026-03-08,20260308_142314
TXN_20260308_142314_0604,113.11,19,3.76,0,2026-03-08,20260308_142314
TXN_20260308_142314_0605,6.75,17,24.11,0,2026-03-08,20260308_142314
TXN_20260308_142314_0606,71.94,18,8.39,0,2026-03-08,20260308_142314
TXN_20260308_142314_0607,674.13,8,13.72,0,2026-03-08,20260308_142314
TXN_20260308_142314_0608,26.09,12,5.99,0,2026-03-08,20260308_142314
TXN_20260308_142314_0609,33.46,14,1.83,0,2026-03-08,20260308_142314
TXN_20260308_142314_0610,5.78,8,11.36,0,2026-03-08,20260308_142314
TXN_20260308_142314_0611,27.63,17,7.25,0,2026-03-08,20260308_142314
TXN_20260308_142314_0612,214.84,11,13.86,0,2026-03-08,20260308_142314
TXN_20260308_142314_0613,41.02,9,11.47,0,2026-03-08,20260308_142314
TXN_20260308_142314_0614,29.98,14,4.93,0,2026-03-08,20260308_142314
TXN_20260308_142314_0615,85.2,15,0.82,0,2026-03-08,20260308_142314
TXN_20260308_142314_0616,111.57,15,57.09,0,2026-03-08,20260308_142314
TXN_20260308_142314_0617,87.3,20,4.79,0,2026-03-08,20260308_142314
TXN_20260308_142314_0618,95.36,13,4.22,0,2026-03-08,20260308_142314
TXN_20260308_142314_0619,31.83,11,7.54,0,2026-03-08,20260308_142314
TXN_20260308_142314_0620,456.15,18,1.95,0,2026-03-08,20260308_142314
TXN_20260308_142314_0621,31.99,21,9.78,0,2026-03-08,20260308_142314
TXN_20260308_142314_0622,4059.52,2,95.58,1,2026-03-08,20260308_142314
TXN_20260308_142314_0623,27.22,14,25.0,0,2026-03-08,20260308_142314
TXN_20260308_142314_0624,156.6,16,0.23,0,2026-03-08,20260308_142314
TXN_20260308_142314_0625,26.53,16,1.81,0,2026-03-08,20260308_142314
TXN_20260308_142314_0626,95.43,13,3.0,0,2026-03-08,20260308_142314
TXN_20260308_142314_0627,27.6,14,11.9,0,2026-03-08,20260308_142314
TXN_20260308_142314_0628,14.16,21,2.69,0,2026-03-08,20260308_142314
TXN_20260308_142314_0629,42.27,16,2.81,0,2026-03-08,20260308_142314
TXN_20260308_142314_0630,101.09,11,2.68,0,2026-03-08,20260308_142314
TXN_20260308_142314_0631,28.43,21,28.45,0,2026-03-08,20260308_142314
TXN_20260308_142314_0632,83.6,13,7.58,0,2026-03-08,20260308_142314
TXN_20260308_142314_0633,113.34,11,0.02,0,2026-03-08,20260308_142314
TXN_20260308_142314_0634,74.61,16,2.51,0,2026-03-08,20260308_142314
TXN_20260308_142314_0635,171.99,18,9.19,0,2026-03-08,20260308_142314
TXN_20260308_142314_0636,44.35,15,4.37,0,2026-03-08,20260308_142314
TXN_20260308_142314_0637,54.65,11,4.82,0,2026-03-08,20260308_142314
TXN_20260308_142314_0638,11.99,15,0.48,0,2026-03-08,20260308_142314
TXN_20260308_142314_0639,245.84,18,4.57,0,2026-03-08,20260308_142314
TXN_20260308_142314_0640,108.82,15,13.82,0,2026-03-08,20260308_142314
TXN_20260308_142314_0641,46.47,17,19.67,0,2026-03-08,20260308_142314
TXN_20260308_142314_0642,22.92,19,2.33,0,2026-03-08,20260308_142314
TXN_20260308_142314_0643,19.5,20,0.81,0,2026-03-08,20260308_142314
TXN_20260308_142314_0644,104.89,20,15.34,0,2026-03-08,20260308_142314
TXN_20260308_142314_0645,72.73,14,17.5,0,2026-03-08,20260308_142314
TXN_20260308_142314_0646,24.17,12,15.38,0,2026-03-08,20260308_142314
TXN_20260308_142314_0647,450.78,12,10.5,0,2026-03-08,20260308_142314
TXN_20260308_142314_0648,47.08,14,5.69,0,2026-03-08,20260308_142314
TXN_20260308_142314_0649,58.0,21,15.35,0,2026-03-08,20260308_142314
TXN_20260308_142314_0650,46.72,12,0.4,0,2026-03-08,20260308_142314
TXN_20260308_142314_0651,151.03,8,16.79,0,2026-03-08,20260308_142314
TXN_20260308_142314_0652,829.39,19,47.3,0,2026-03-08,20260308_142314
TXN_20260308_142314_0653,65.4,13,44.18,0,2026-03-08,20260308_142314
TXN_20260308_142314_0654,42.3,17,19.16,0,2026-03-08,20260308_142314
TXN_20260308_142314_0655,8.42,11,13.35,0,2026-03-08,20260308_142314
TXN_20260308_142314_0656,23.68,9,9.06,0,2026-03-08,20260308_142314
TXN_20260308_142314_0657,301.74,11,11.91,0,2026-03-08,20260308_142314
TXN_20260308_142314_0658,23.41,10,7.6,0,2026-03-08,20260308_142314
TXN_20260308_142314_0659,9.93,9,48.98,0,2026-03-08,20260308_142314
TXN_20260308_142314_0660,20.89,13,9.69,0,2026-03-08,20260308_142314
TXN_20260308_142314_0661,19.11,21,21.33,0,2026-03-08,20260308_142314
TXN_20260308_142314_0662,14.55,8,13.52,0,2026-03-08,20260308_142314
TXN_20260308_142314_0663,18.12,13,12.85,0,2026-03-08,20260308_142314
TXN_20260308_142314_0664,51.33,16,3.99,0,2026-03-08,20260308_142314
TXN_20260308_142314_0665,60.25,11,8.72,0,2026-03-08,20260308_142314
TXN_20260308_142314_0666,128.34,8,13.23,0,2026-03-08,20260308_142314
TXN_20260308_142314_0667,65.63,8,32.95,0,2026-03-08,20260308_142314
TXN_20260308_142314_0668,95.52,11,14.66,0,2026-03-08,20260308_142314
TXN_20260308_142314_0669,13.04,11,15.52,0,2026-03-08,20260308_142314
TXN_20260308_142314_0670,147.42,17,3.46,0,2026-03-08,20260308_142314
TXN_20260308_142314_0671,18.11,12,9.49,0,2026-03-08,20260308_142314
TXN_20260308_142314_0672,14.68,14,30.13,0,2026-03-08,20260308_142314
TXN_20260308_142314_0673,64.62,20,8.18,0,2026-03-08,20260308_142314
TXN_20260308_142314_0674,53.31,20,15.61,0,2026-03-08,20260308_142314
TXN_20260308_142314_0675,29.78,14,8.5,0,2026-03-08,20260308_142314
TXN_20260308_142314_0676,15.7,10,0.12,0,2026-03-08,20260308_142314
TXN_20260308_142314_0677,220.94,14,9.11,0,2026-03-08,20260308_142314
TXN_20260308_142314_0678,22.04,9,9.04,0,2026-03-08,20260308_142314
TXN_20260308_142314_0679,8.35,15,33.13,0,2026-03-08,20260308_142314
TXN_20260308_142314_0680,1866.32,3,96.31,1,2026-03-08,20260308_142314
TXN_20260308_142314_0681,92.9,10,20.28,0,2026-03-08,20260308_142314
TXN_20260308_142314_0682,20.37,19,6.05,0,2026-03-08,20260308_142314
TXN_20260308_142314_0683,71.1,17,9.56,0,2026-03-08,20260308_142314
TXN_20260308_142314_0684,15.9,18,11.16,0,2026-03-08,20260308_142314
TXN_20260308_142314_0685,259.65,20,11.26,0,2026-03-08,20260308_142314
TXN_20260308_142314_0686,42.55,16,5.14,0,2026-03-08,20260308_142314
TXN_20260308_142314_0687,154.18,18,23.69,0,2026-03-08,20260308_142314
TXN_20260308_142314_0688,51.59,8,9.91,0,2026-03-08,20260308_142314
TXN_20260308_142314_0689,6.76,10,5.21,0,2026-03-08,20260308_142314
TXN_20260308_142314_0690,31.99,9,46.28,0,2026-03-08,20260308_142314
TXN_20260308_142314_0691,14.22,12,32.61,0,2026-03-08,20260308_142314
TXN_20260308_142314_0692,1177.85,0,57.73,1,2026-03-08,20260308_142314
TXN_20260308_142314_0693,65.61,16,14.84,0,2026-03-08,20260308_142314
TXN_20260308_142314_0694,2279.68,1,164.32,1,2026-03-08,20260308_142314
TXN_20260308_142314_0695,10.97,11,12.57,0,2026-03-08,20260308_142314
TXN_20260308_142314_0696,470.85,8,1.62,0,2026-03-08,20260308_142314
TXN_20260308_142314_0697,65.74,18,3.06,0,2026-03-08,20260308_142314
TXN_20260308_142314_0698,26.7,12,20.65,0,2026-03-08,20260308_142314
TXN_20260308_142314_0699,27.64,9,0.74,0,2026-03-08,20260308_142314
TXN_20260308_142314_0700,71.98,11,4.82,0,2026-03-08,20260308_142314
TXN_20260308_142314_0701,29.15,16,17.8,0,2026-03-08,20260308_142314
TXN_20260308_142314_0702,7.47,16,8.41,0,2026-03-08,20260308_142314
TXN_20260308_142314_0703,90.16,15,2.95,0,2026-03-08,20260308_142314
TXN_20260308_142314_0704,5.41,14,17.0,0,2026-03-08,20260308_142314
TXN_20260308_142314_0705,13.07,20,7.5,0,2026-03-08,20260308_142314
TXN_20260308_142314_0706,61.84,12,2.69,0,2026-03-08,20260308_142314
TXN_20260308_142314_0707,57.04,14,14.05,0,2026-03-08,20260308_142314
TXN_20260308_142314_0708,54.66,15,1.22,0,2026-03-08,20260308_142314
TXN_20260308_142314_0709,34.49,17,1.64,0,2026-03-08,20260308_142314
TXN_20260308_142314_0710,23.32,15,25.46,0,2026-03-08,20260308_142314
TXN_20260308_142314_0711,149.53,16,1.33,0,2026-03-08,20260308_142314
TXN_20260308_142314_0712,17.21,14,5.33,0,2026-03-08,20260308_142314
TXN_20260308_142314_0713,49.64,14,21.63,0,2026-03-08,20260308_142314
TXN_20260308_142314_0714,215.18,16,10.57,0,2026-03-08,20260308_142314
TXN_20260308_142314_0715,15.4,16,0.75,0,2026-03-08,20260308_142314
TXN_20260308_142314_0716,48.32,10,1.99,0,2026-03-08,20260308_142314
TXN_20260308_142314_0717,77.86,17,2.35,0,2026-03-08,20260308_142314
TXN_20260308_142314_0718,57.59,10,24.31,0,2026-03-08,20260308_142314
TXN_20260308_142314_0719,69.64,10,0.77,0,2026-03-08,20260308_142314
TXN_20260308_142314_0720,84.49,18,49.12,0,2026-03-08,20260308_142314
TXN_20260308_142314_0721,139.59,14,14.16,0,2026-03-08,20260308_142314
TXN_20260308_142314_0722,125.36,13,0.18,0,2026-03-08,20260308_142314
TXN_20260308_142314_0723,17.1,15,1.4,0,2026-03-08,20260308_142314
TXN_20260308_142314_0724,50.3,13,9.9,0,2026-03-08,20260308_142314
TXN_20260308_142314_0725,54.87,10,14.64,0,2026-03-08,20260308_142314
TXN_20260308_142314_0726,21.56,19,4.83,0,2026-03-08,20260308_142314
TXN_20260308_142314_0727,121.76,16,7.78,0,2026-03-08,20260308_142314
TXN_20260308_142314_0728,11.58,15,31.52,0,2026-03-08,20260308_142314
TXN_20260308_142314_0729,58.7,14,14.49,0,2026-03-08,20260308_142314
TXN_20260308_142314_0730,78.11,12,8.56,0,2026-03-08,20260308_142314
TXN_20260308_142314_0731,126.38,18,1.17,0,2026-03-08,20260308_142314
TXN_20260308_142314_0732,50.65,19,0.96,0,2026-03-08,20260308_142314
TXN_20260308_142314_0733,119.07,21,17.78,0,2026-03-08,20260308_142314
TXN_20260308_142314_0734,84.19,20,2.77,0,2026-03-08,20260308_142314
TXN_20260308_142314_0735,86.87,13,0.27,0,2026-03-08,20260308_142314
TXN_20260308_142314_0736,26.4,17,14.05,0,2026-03-08,20260308_142314
TXN_20260308_142314_0737,137.75,14,8.48,0,2026-03-08,20260308_142314
TXN_20260308_142314_0738,85.83,18,15.07,0,2026-03-08,20260308_142314
TXN_20260308_142314_0739,61.83,8,7.93,0,2026-03-08,20260308_142314
TXN_20260308_142314_0740,18.3,18,1.64,0,2026-03-08,20260308_142314
TXN_20260308_142314_0741,19.8,14,22.39,0,2026-03-08,20260308_142314
TXN_20260308_142314_0742,19.01,14,1.01,0,2026-03-08,20260308_142314
TXN_20260308_142314_0743,228.22,21,10.76,0,2026-03-08,20260308_142314
TXN_20260308_142314_0744,136.54,12,10.47,0,2026-03-08,20260308_142314
TXN_20260308_142314_0745,1999.11,3,89.66,1,2026-03-08,20260308_142314
TXN_20260308_142314_0746,19.53,12,41.12,0,2026-03-08,20260308_142314
TXN_20260308_142314_0747,51.28,8,40.31,0,2026-03-08,20260308_142314
TXN_20260308_142314_0748,98.21,18,4.27,0,2026-03-08,20260308_142314
TXN_20260308_142314_0749,9.95,9,16.21,0,2026-03-08,20260308_142314
TXN_20260308_142314_0750,28.2,19,13.28,0,2026-03-08,20260308_142314
TXN_20260308_142314_0751,51.43,11,21.87,0,2026-03-08,20260308_142314
TXN_20260308_142314_0752,15.22,8,6.51,0,2026-03-08,20260308_142314
TXN_20260308_142314_0753,826.18,20,3.9,0,2026-03-08,20260308_142314
TXN_20260308_142314_0754,251.63,9,0.13,0,2026-03-08,20260308_142314
TXN_20260308_142314_0755,34.28,8,7.42,0,2026-03-08,20260308_142314
TXN_20260308_142314_0756,49.0,15,15.73,0,2026-03-08,20260308_142314
TXN_20260308_142314_0757,25.63,12,12.79,0,2026-03-08,20260308_142314
TXN_20260308_142314_0758,46.29,13,5.89,0,2026-03-08,20260308_142314
TXN_20260308_142314_0759,152.79,9,11.46,0,2026-03-08,20260308_142314
TXN_20260308_142314_0760,52.12,12,7.13,0,2026-03-08,20260308_142314
TXN_20260308_142314_0761,25.87,15,7.75,0,2026-03-08,20260308_142314
TXN_20260308_142314_0762,23.29,11,5.24,0,2026-03-08,20260308_142314
TXN_20260308_142314_0763,123.64,15,6.85,0,2026-03-08,20260308_142314
TXN_20260308_142314_0764,94.83,11,3.17,0,2026-03-08,20260308_142314
TXN_20260308_142314_0765,79.34,17,2.29,0,2026-03-08,20260308_142314
TXN_20260308_142314_0766,43.61,17,12.01,0,2026-03-08,20260308_142314
TXN_20260308_142314_0767,109.16,13,9.34,0,2026-03-08,20260308_142314
TXN_20260308_142314_0768,86.87,11,3.41,0,2026-03-08,20260308_142314
TXN_20260308_142314_0769,15.12,13,24.28,0,2026-03-08,20260308_142314
TXN_20260308_142314_0770,418.64,16,0.77,0,2026-03-08,20260308_142314
TXN_20260308_142314_0771,108.94,8,6.96,0,2026-03-08,20260308_142314
TXN_20260308_142314_0772,39.46,19,22.41,0,2026-03-08,20260308_142314
TXN_20260308_142314_0773,36.91,14,12.6,0,2026-03-08,20260308_142314
TXN_20260308_142314_0774,10.31,9,13.47,0,2026-03-08,20260308_142314
TXN_20260308_142314_0775,225.16,20,5.59,0,2026-03-08,20260308_142314
TXN_20260308_142314_0776,184.01,17,16.18,0,2026-03-08,20260308_142314
TXN_20260308_142314_0777,73.25,18,17.57,0,2026-03-08,20260308_142314
TXN_20260308_142314_0778,235.9,14,8.12,0,2026-03-08,20260308_142314
TXN_20260308_142314_0779,73.08,18,0.5,0,2026-03-08,20260308_142314
TXN_20260308_142314_0780,42.21,18,4.81,0,2026-03-08,20260308_142314
TXN_20260308_142314_0781,52.18,10,16.04,0,2026-03-08,20260308_142314
TXN_20260308_142314_0782,34.75,12,5.3,0,2026-03-08,20260308_142314
TXN_20260308_142314_0783,30.52,14,4.97,0,2026-03-08,20260308_142314
TXN_20260308_142314_0784,1451.08,1,480.32,1,2026-03-08,20260308_142314
TXN_20260308_142314_0785,76.37,9,7.59,0,2026-03-08,20260308_142314
TXN_20260308_142314_0786,17.76,11,5.31,0,2026-03-08,20260308_142314
TXN_20260308_142314_0787,189.01,19,7.59,0,2026-03-08,20260308_142314
TXN_20260308_142314_0788,170.06,9,4.97,0,2026-03-08,20260308_142314
TXN_20260308_142314_0789,69.64,11,8.83,0,2026-03-08,20260308_142314
TXN_20260308_142314_0790,31.7,13,5.96,0,2026-03-08,20260308_142314
TXN_20260308_142314_0791,35.78,9,4.05,0,2026-03-08,20260308_142314
TXN_20260308_142314_0792,38.81,15,5.6,0,2026-03-08,20260308_142314
TXN_20260308_142314_0793,164.62,16,5.91,0,2026-03-08,20260308_142314
TXN_20260308_142314_0794,136.05,19,7.54,0,2026-03-08,20260308_142314
TXN_20260308_142314_0795,44.25,17,12.92,0,2026-03-08,20260308_142314
TXN_20260308_142314_0796,204.09,8,0.9,0,2026-03-08,20260308_142314
TXN_20260308_142314_0797,15.69,9,18.97,0,2026-03-08,20260308_142314
TXN_20260308_142314_0798,84.71,10,7.79,0,2026-03-08,20260308_142314
TXN_20260308_142314_0799,32.45,15,1.81,0,2026-03-08,20260308_142314
TXN_20260308_142314_0800,100.43,20,7.87,0,2026-03-08,20260308_142314
TXN_20260308_142314_0801,116.12,19,9.11,0,2026-03-08,20260308_142314
TXN_20260308_142314_0802,75.72,18,9.44,0,2026-03-08,20260308_142314
TXN_20260308_142314_0803,100.3,14,4.58,0,2026-03-08,20260308_142314
TXN_20260308_142314_0804,38.15,10,10.67,0,2026-03-08,20260308_142314
TXN_20260308_142314_0805,1147.23,1,64.14,1,2026-03-08,20260308_142314
TXN_20260308_142314_0806,49.32,16,18.54,0,2026-03-08,20260308_142314
TXN_20260308_142314_0807,22.52,13,35.01,0,2026-03-08,20260308_142314
TXN_20260308_142314_0808,10.16,15,4.95,0,2026-03-08,20260308_142314
TXN_20260308_142314_0809,52.26,12,18.29,0,2026-03-08,20260308_142314
TXN_20260308_142314_0810,21.73,8,1.02,0,2026-03-08,20260308_142314
TXN_20260308_142314_0811,54.78,14,13.92,0,2026-03-08,20260308_142314
TXN_20260308_142314_0812,28.24,11,10.62,0,2026-03-08,20260308_142314
TXN_20260308_142314_0813,30.96,8,22.67,0,2026-03-08,20260308_142314
TXN_20260308_142314_0814,35.35,18,2.39,0,2026-03-08,20260308_142314
TXN_20260308_142314_0815,125.77,14,5.41,0,2026-03-08,20260308_142314
TXN_20260308_142314_0816,87.83,18,1.14,0,2026-03-08,20260308_142314
TXN_20260308_142314_0817,978.46,14,15.79,0,2026-03-08,20260308_142314
TXN_20260308_142314_0818,53.57,19,35.54,0,2026-03-08,20260308_142314
TXN_20260308_142314_0819,295.12,8,6.93,0,2026-03-08,20260308_142314
TXN_20260308_142314_0820,128.84,14,10.93,0,2026-03-08,20260308_142314
TXN_20260308_142314_0821,35.16,19,2.51,0,2026-03-08,20260308_142314
TXN_20260308_142314_0822,85.4,15,16.73,0,2026-03-08,20260308_142314
TXN_20260308_142314_0823,53.34,20,4.71,0,2026-03-08,20260308_142314
TXN_20260308_142314_0824,107.94,18,3.14,0,2026-03-08,20260308_142314
TXN_20260308_142314_0825,19.26,10,18.63,0,2026-03-08,20260308_142314
TXN_20260308_142314_0826,21.18,20,17.12,0,2026-03-08,20260308_142314
TXN_20260308_142314_0827,67.67,21,3.45,0,2026-03-08,20260308_142314
TXN_20260308_142314_0828,144.26,10,0.58,0,2026-03-08,20260308_142314
TXN_20260308_142314_0829,8.44,10,15.37,0,2026-03-08,20260308_142314
TXN_20260308_142314_0830,156.77,13,2.08,0,2026-03-08,20260308_142314
TXN_20260308_142314_0831,27.24,18,5.43,0,2026-03-08,20260308_142314
TXN_20260308_142314_0832,8.23,20,8.96,0,2026-03-08,20260308_142314
TXN_20260308_142314_0833,54.25,8,2.31,0,2026-03-08,20260308_142314
TXN_20260308_142314_0834,227.13,14,3.59,0,2026-03-08,20260308_142314
TXN_20260308_142314_0835,24.55,12,2.77,0,2026-03-08,20260308_142314
TXN_20260308_142314_0836,29.44,18,10.76,0,2026-03-08,20260308_142314
TXN_20260308_142314_0837,28.73,21,0.53,0,2026-03-08,20260308_142314
TXN_20260308_142314_0838,56.39,21,1.32,0,2026-03-08,20260308_142314
TXN_20260308_142314_0839,21.35,9,5.17,0,2026-03-08,20260308_142314
TXN_20260308_142314_0840,18.2,14,0.97,0,2026-03-08,20260308_142314
TXN_20260308_142314_0841,67.69,10,0.82,0,2026-03-08,20260308_142314
TXN_20260308_142314_0842,52.19,21,16.89,0,2026-03-08,20260308_142314
TXN_20260308_142314_0843,57.13,17,12.71,0,2026-03-08,20260308_142314
TXN_20260308_142314_0844,94.94,15,9.99,0,2026-03-08,20260308_142314
TXN_20260308_142314_0845,53.91,16,15.07,0,2026-03-08,20260308_142314
TXN_20260308_142314_0846,14.44,14,6.1,0,2026-03-08,20260308_142314
TXN_20260308_142314_0847,53.15,10,25.48,0,2026-03-08,20260308_142314
TXN_20260308_142314_0848,505.09,14,24.45,0,2026-03-08,20260308_142314
TXN_20260308_142314_0849,104.39,11,0.47,0,2026-03-08,20260308_142314
TXN_20260308_142314_0850,73.81,14,25.98,0,2026-03-08,20260308_142314
TXN_20260308_142314_0851,781.79,3,34.36,1,2026-03-08,20260308_142314
TXN_20260308_142314_0852,751.19,13,14.32,0,2026-03-08,20260308_142314
TXN_20260308_142314_0853,272.16,11,11.11,0,2026-03-08,20260308_142314
TXN_20260308_142314_0854,86.51,14,12.55,0,2026-03-08,20260308_142314
TXN_20260308_142314_0855,90.74,13,15.33,0,2026-03-08,20260308_142314
TXN_20260308_142314_0856,8.96,20,29.95,0,2026-03-08,20260308_142314
TXN_20260308_142314_0857,84.66,9,2.48,0,2026-03-08,20260308_142314
TXN_20260308_142314_0858,144.36,11,5.18,0,2026-03-08,20260308_142314
TXN_20260308_142314_0859,70.51,19,6.15,0,2026-03-08,20260308_142314
TXN_20260308_142314_0860,119.91,17,18.44,0,2026-03-08,20260308_142314
TXN_20260308_142314_0861,93.15,10,9.45,0,2026-03-08,20260308_142314
TXN_20260308_142314_0862,65.1,12,4.13,0,2026-03-08,20260308_142314
TXN_20260308_142314_0863,43.58,13,22.88,0,2026-03-08,20260308_142314
TXN_20260308_142314_0864,19.77,20,12.51,0,2026-03-08,20260308_142314
TXN_20260308_142314_0865,28.62,12,7.87,0,2026-03-08,20260308_142314
TXN_20260308_142314_0866,97.3,15,5.45,0,2026-03-08,20260308_142314
TXN_20260308_142314_0867,157.1,11,59.33,0,2026-03-08,20260308_142314
TXN_20260308_142314_0868,27.98,11,3.69,0,2026-03-08,20260308_142314
TXN_20260308_142314_0869,42.54,17,13.48,0,2026-03-08,20260308_142314
TXN_20260308_142314_0870,51.22,12,0.54,0,2026-03-08,20260308_142314
TXN_20260308_142314_0871,20.52,11,4.43,0,2026-03-08,20260308_142314
TXN_20260308_142314_0872,237.83,0,233.33,1,2026-03-08,20260308_142314
TXN_20260308_142314_0873,15.88,20,8.11,0,2026-03-08,20260308_142314
TXN_20260308_142314_0874,25.73,10,12.73,0,2026-03-08,20260308_142314
TXN_20260308_142314_0875,30.35,9,5.6,0,2026-03-08,20260308_142314
TXN_20260308_142314_0876,6.66,12,6.92,0,2026-03-08,20260308_142314
TXN_20260308_142314_0877,42.98,9,15.31,0,2026-03-08,20260308_142314
TXN_20260308_142314_0878,290.47,14,7.73,0,2026-03-08,20260308_142314
TXN_20260308_142314_0879,34.4,9,4.25,0,2026-03-08,20260308_142314
TXN_20260308_142314_0880,27.0,21,14.19,0,2026-03-08,20260308_142314
TXN_20260308_142314_0881,71.4,12,1.63,0,2026-03-08,20260308_142314
TXN_20260308_142314_0882,20.27,11,11.71,0,2026-03-08,20260308_142314
TXN_20260308_142314_0883,90.61,16,13.98,0,2026-03-08,20260308_142314
TXN_20260308_142314_0884,81.92,12,5.8,0,2026-03-08,20260308_142314
TXN_20260308_142314_0885,67.76,18,0.03,0,2026-03-08,20260308_142314
TXN_20260308_142314_0886,32.75,19,7.51,0,2026-03-08,20260308_142314
TXN_20260308_142314_0887,133.33,12,2.6,0,2026-03-08,20260308_142314
TXN_20260308_142314_0888,40.52,13,14.32,0,2026-03-08,20260308_142314
TXN_20260308_142314_0889,86.77,19,0.32,0,2026-03-08,20260308_142314
TXN_20260308_142314_0890,49.19,8,23.92,0,2026-03-08,20260308_142314
TXN_20260308_142314_0891,16.95,21,0.43,0,2026-03-08,20260308_142314
TXN_20260308_142314_0892,38.91,10,26.56,0,2026-03-08,20260308_142314
TXN_20260308_142314_0893,109.13,9,24.59,0,2026-03-08,20260308_142314
TXN_20260308_142314_0894,5.04,14,7.26,0,2026-03-08,20260308_142314
TXN_20260308_142314_0895,48.76,14,0.79,0,2026-03-08,20260308_142314
TXN_20260308_142314_0896,2575.79,2,337.1,1,2026-03-08,20260308_142314
TXN_20260308_142314_0897,27.93,9,7.9,0,2026-03-08,20260308_142314
TXN_20260308_142314_0898,88.7,10,17.65,0,2026-03-08,20260308_142314
TXN_20260308_142314_0899,72.45,20,4.09,0,2026-03-08,20260308_142314
TXN_20260308_142314_0900,19.04,21,9.03,0,2026-03-08,20260308_142314
TXN_20260308_142314_0901,44.89,8,2.57,0,2026-03-08,20260308_142314
TXN_20260308_142314_0902,25.88,14,9.11,0,2026-03-08,20260308_142314
TXN_20260308_142314_0903,60.14,17,3.54,0,2026-03-08,20260308_142314
TXN_20260308_142314_0904,132.9,10,3.41,0,2026-03-08,20260308_142314
TXN_20260308_142314_0905,310.79,16,28.87,0,2026-03-08,20260308_142314
TXN_20260308_142314_0906,113.29,16,5.6,0,2026-03-08,20260308_142314
TXN_20260308_142314_0907,72.81,20,42.85,0,2026-03-08,20260308_142314
TXN_20260308_142314_0908,88.23,20,2.84,0,2026-03-08,20260308_142314
TXN_20260308_142314_0909,11.33,11,16.87,0,2026-03-08,20260308_142314
TXN_20260308_142314_0910,42.53,20,14.54,0,2026-03-08,20260308_142314
TXN_20260308_142314_0911,18.38,11,1.87,0,2026-03-08,20260308_142314
TXN_20260308_142314_0912,125.98,8,3.71,0,2026-03-08,20260308_142314
TXN_20260308_142314_0913,1030.19,2,446.41,1,2026-03-08,20260308_142314
TXN_20260308_142314_0914,186.17,19,28.02,0,2026-03-08,20260308_142314
TXN_20260308_142314_0915,380.97,11,12.45,0,2026-03-08,20260308_142314
TXN_20260308_142314_0916,46.81,13,37.7,0,2026-03-08,20260308_142314
TXN_20260308_142314_0917,19.85,11,8.76,0,2026-03-08,20260308_142314
TXN_20260308_142314_0918,28.27,18,17.72,0,2026-03-08,20260308_142314
TXN_20260308_142314_0919,37.97,17,1.62,0,2026-03-08,20260308_142314
TXN_20260308_142314_0920,40.88,9,0.29,0,2026-03-08,20260308_142314
TXN_20260308_142314_0921,67.54,10,2.33,0,2026-03-08,20260308_142314
TXN_20260308_142314_0922,11.76,14,12.18,0,2026-03-08,20260308_142314
TXN_20260308_142314_0923,596.93,18,5.5,0,2026-03-08,20260308_142314
TXN_20260308_142314_0924,154.19,21,3.14,0,2026-03-08,20260308_142314
TXN_20260308_142314_0925,133.89,19,13.94,0,2026-03-08,20260308_142314
TXN_20260308_142314_0926,142.2,14,2.05,0,2026-03-08,20260308_142314
TXN_20260308_142314_0927,40.72,14,2.7,0,2026-03-08,20260308_142314
TXN_20260308_142314_0928,43.71,12,5.29,0,2026-03-08,20260308_142314
TXN_20260308_142314_0929,138.72,11,3.15,0,2026-03-08,20260308_142314
TXN_20260308_142314_0930,19.38,9,16.77,0,2026-03-08,20260308_142314
TXN_20260308_142314_0931,56.18,21,4.42,0,2026-03-08,20260308_142314
TXN_20260308_142314_0932,10.33,15,24.02,0,2026-03-08,20260308_142314
TXN_20260308_142314_0933,105.82,19,0.04,0,2026-03-08,20260308_142314
TXN_20260308_142314_0934,70.46,11,0.27,0,2026-03-08,20260308_142314
TXN_20260308_142314_0935,11.48,8,14.6,0,2026-03-08,20260308_142314
TXN_20260308_142314_0936,1690.65,4,589.3,1,2026-03-08,20260308_142314
TXN_20260308_142314_0937,46.82,11,2.05,0,2026-03-08,20260308_142314
TXN_20260308_142314_0938,31.26,20,0.95,0,2026-03-08,20260308_142314
TXN_20260308_142314_0939,75.21,16,1.46,0,2026-03-08,20260308_142314
TXN_20260308_142314_0940,27.61,11,11.94,0,2026-03-08,20260308_142314
TXN_20260308_142314_0941,22.81,11,24.71,0,2026-03-08,20260308_142314
TXN_20260308_142314_0942,15.48,11,11.16,0,2026-03-08,20260308_142314
TXN_20260308_142314_0943,135.81,9,4.67,0,2026-03-08,20260308_142314
TXN_20260308_142314_0944,103.97,11,0.54,0,2026-03-08,20260308_142314
TXN_20260308_142314_0945,418.84,3,133.03,1,2026-03-08,20260308_142314
TXN_20260308_142314_0946,109.54,14,12.22,0,2026-03-08,20260308_142314
TXN_20260308_142314_0947,115.8,10,14.38,0,2026-03-08,20260308_142314
TXN_20260308_142314_0948,236.96,17,7.02,0,2026-03-08,20260308_142314
TXN_20260308_142314_0949,101.51,10,2.62,0,2026-03-08,20260308_142314
TXN_20260308_142314_0950,18.63,18,1.88,0,2026-03-08,20260308_142314
TXN_20260308_142314_0951,35.76,19,6.68,0,2026-03-08,20260308_142314
TXN_20260308_142314_0952,112.95,9,14.54,0,2026-03-08,20260308_142314
TXN_20260308_142314_0953,12.85,11,2.73,0,2026-03-08,20260308_142314
TXN_20260308_142314_0954,139.84,16,9.83,0,2026-03-08,20260308_142314
TXN_20260308_142314_0955,14.46,13,1.55,0,2026-03-08,20260308_142314
TXN_20260308_142314_0956,45.35,20,0.77,0,2026-03-08,20260308_142314
TXN_20260308_142314_0957,35.8,20,2.21,0,2026-03-08,20260308_142314
TXN_20260308_142314_0958,12.73,14,6.46,0,2026-03-08,20260308_142314
TXN_20260308_142314_0959,4.29,15,8.04,0,2026-03-08,20260308_142314
TXN_20260308_142314_0960,32.27,9,3.86,0,2026-03-08,20260308_142314
TXN_20260308_142314_0961,699.3,0,297.09,1,2026-03-08,20260308_142314
TXN_20260308_142314_0962,56.17,9,7.81,0,2026-03-08,20260308_142314
TXN_20260308_142314_0963,2226.11,4,552.87,1,2026-03-08,20260308_142314
TXN_20260308_142314_0964,206.93,0,23.47,1,2026-03-08,20260308_142314
TXN_20260308_142314_0965,34.94,19,1.11,0,2026-03-08,20260308_142314
TXN_20260308_142314_0966,121.09,17,11.78,0,2026-03-08,20260308_142314
TXN_20260308_142314_0967,91.87,13,2.33,0,2026-03-08,20260308_142314
TXN_20260308_142314_0968,27.07,8,1.47,0,2026-03-08,20260308_142314
TXN_20260308_142314_0969,924.0,19,8.57,0,2026-03-08,20260308_142314
TXN_20260308_142314_0970,12.98,8,2.2,0,2026-03-08,20260308_142314
TXN_20260308_142314_0971,11.28,8,15.25,0,2026-03-08,20260308_142314
TXN_20260308_142314_0972,65.57,15,17.31,0,2026-03-08,20260308_142314
TXN_20260308_142314_0973,134.55,20,19.31,0,2026-03-08,20260308_142314
TXN_20260308_142314_0974,67.14,21,1.51,0,2026-03-08,20260308_142314
TXN_20260308_142314_0975,35.15,17,9.75,0,2026-03-08,20260308_142314
TXN_20260308_142314_0976,33.76,8,15.85,0,2026-03-08,20260308_142314
TXN_20260308_142314_0977,50.0,17,6.14,0,2026-03-08,20260308_142314
TXN_20260308_142314_0978,17.65,19,6.47,0,2026-03-08,20260308_142314
TXN_20260308_142314_0979,108.88,17,1.88,0,2026-03-08,20260308_142314
TXN_20260308_142314_0980,162.27,10,16.4,0,2026-03-08,20260308_142314
TXN_20260308_142314_0981,278.37,21,0.72,0,2026-03-08,20260308_142314
TXN_20260308_142314_0982,34.09,20,10.46,0,2026-03-08,20260308_142314
TXN_20260308_142314_0983,221.32,10,3.46,0,2026-03-08,20260308_142314
TXN_20260308_142314_0984,39.37,17,12.07,0,2026-03-08,20260308_142314
TXN_20260308_142314_0985,211.83,9,4.75,0,2026-03-08,20260308_142314
TXN_20260308_142314_0986,21.3,14,10.35,0,2026-03-08,20260308_142314
TXN_20260308_142314_0987,87.33,15,0.9,0,2026-03-08,20260308_142314
TXN_20260308_142314_0988,284.41,20,21.83,0,2026-03-08,20260308_142314
TXN_20260308_142314_0989,46.27,13,2.15,0,2026-03-08,20260308_142314
TXN_20260308_142314_0990,661.68,0,66.9,1,2026-03-08,20260308_142314
TXN_20260308_142314_0991,118.42,14,10.36,0,2026-03-08,20260308_142314
TXN_20260308_142314_0992,347.03,18,4.61,0,2026-03-08,20260308_142314
TXN_20260308_142314_0993,206.05,17,17.94,0,2026-03-08,20260308_142314
TXN_20260308_142314_0994,57.14,14,4.79,0,2026-03-08,20260308_142314
TXN_20260308_142314_0995,74.3,14,0.88,0,2026-03-08,20260308_142314
TXN_20260308_142314_0996,56.79,15,4.93,0,2026-03-08,20260308_142314
TXN_20260308_142314_0997,91.42,20,2.45,0,2026-03-08,20260308_142314
TXN_20260308_142314_0998,62.69,9,17.83,0,2026-03-08,20260308_142314
TXN_20260308_142314_0999,53.26,11,6.91,0,2026-03-08,20260308_142314
